System ID,Feed,URL
bird,dc,http://gbfs.bird.co/dc
bcycle_arborbike,Auto-Discovery,https://gbfs.bcycle.com/bcycle_arborbike/gbfs.json
bcycle_arborbike,gbfs,https://gbfs.bcycle.com/bcycle_arborbike/gbfs.json
bcycle_arborbike,system_information,https://gbfs.bcycle.com/bcycle_arborbike/system_information.json
bcycle_arborbike,station_information,https://gbfs.bcycle.com/bcycle_arborbike/station_information.json
bcycle_arborbike,station_status,https://gbfs.bcycle.com/bcycle_arborbike/station_status.json
bcycle_arborbike,system_pricing_plans,https://gbfs.bcycle.com/bcycle_arborbike/system_pricing_plans.json
bcycle_arborbike,system_regions,https://gbfs.bcycle.com/bcycle_arborbike/system_regions.json
bcycle_austin,Auto-Discovery,https://gbfs.bcycle.com/bcycle_austin/gbfs.json
bcycle_austin,gbfs,https://gbfs.bcycle.com/bcycle_austin/gbfs.json
bcycle_austin,system_information,https://gbfs.bcycle.com/bcycle_austin/system_information.json
bcycle_austin,station_information,https://gbfs.bcycle.com/bcycle_austin/station_information.json
bcycle_austin,station_status,https://gbfs.bcycle.com/bcycle_austin/station_status.json
bcycle_austin,system_pricing_plans,https://gbfs.bcycle.com/bcycle_austin/system_pricing_plans.json
bcycle_austin,system_regions,https://gbfs.bcycle.com/bcycle_austin/system_regions.json
bcycle_aventura,Auto-Discovery,https://gbfs.bcycle.com/bcycle_aventura/gbfs.json
bcycle_aventura,gbfs,https://gbfs.bcycle.com/bcycle_aventura/gbfs.json
bcycle_aventura,system_information,https://gbfs.bcycle.com/bcycle_aventura/system_information.json
bcycle_aventura,station_information,https://gbfs.bcycle.com/bcycle_aventura/station_information.json
bcycle_aventura,station_status,https://gbfs.bcycle.com/bcycle_aventura/station_status.json
bcycle_aventura,system_pricing_plans,https://gbfs.bcycle.com/bcycle_aventura/system_pricing_plans.json
bcycle_aventura,system_regions,https://gbfs.bcycle.com/bcycle_aventura/system_regions.json
bcycle_battlecreek,Auto-Discovery,https://gbfs.bcycle.com/bcycle_battlecreek/gbfs.json
bcycle_battlecreek,gbfs,https://gbfs.bcycle.com/bcycle_battlecreek/gbfs.json
bcycle_battlecreek,system_information,https://gbfs.bcycle.com/bcycle_battlecreek/system_information.json
bcycle_battlecreek,station_information,https://gbfs.bcycle.com/bcycle_battlecreek/station_information.json
bcycle_battlecreek,station_status,https://gbfs.bcycle.com/bcycle_battlecreek/station_status.json
bcycle_battlecreek,system_pricing_plans,https://gbfs.bcycle.com/bcycle_battlecreek/system_pricing_plans.json
bcycle_battlecreek,system_regions,https://gbfs.bcycle.com/bcycle_battlecreek/system_regions.json
BA,Auto-Discovery,https://gbfs.baywheels.com/gbfs/gbfs.json
BA,system_information,https://gbfs.baywheels.com/gbfs/en/system_information.json
BA,station_information,https://gbfs.baywheels.com/gbfs/en/station_information.json
BA,station_status,https://gbfs.baywheels.com/gbfs/en/station_status.json
BA,free_bike_status,https://gbfs.baywheels.com/gbfs/en/free_bike_status.json
BA,system_hours,https://gbfs.baywheels.com/gbfs/en/system_hours.json
BA,system_calendar,https://gbfs.baywheels.com/gbfs/en/system_calendar.json
BA,system_regions,https://gbfs.baywheels.com/gbfs/en/system_regions.json
BA,system_alerts,https://gbfs.baywheels.com/gbfs/en/system_alerts.json
bike_chattanooga,Auto-Discovery,https://chat.publicbikesystem.net/ube/gbfs/v1/
bike_chattanooga,system regions,https://chattanooga-us.publicbikesystem.net/ube/gbfs/v1/en/system_regions
bike_chattanooga,system_information,https://chattanooga-us.publicbikesystem.net/ube/gbfs/v1/en/system_information
bike_chattanooga,nearby_stations,https://chattanooga-us.publicbikesystem.net/ube/gbfs/v1/en/station_information/{station_id}/nearby_stations
bike_chattanooga,station_status,https://chattanooga-us.publicbikesystem.net/ube/gbfs/v1/en/station_status
bike_chattanooga,system_pricing_plans,https://chattanooga-us.publicbikesystem.net/ube/gbfs/v1/en/system_pricing_plans
bike_chattanooga,station_information,https://chattanooga-us.publicbikesystem.net/ube/gbfs/v1/en/station_information
bcycle_bikelnk,Auto-Discovery,https://gbfs.bcycle.com/bcycle_bikelnk/gbfs.json
bcycle_bikelnk,gbfs,https://gbfs.bcycle.com/bcycle_bikelnk/gbfs.json
bcycle_bikelnk,system_information,https://gbfs.bcycle.com/bcycle_bikelnk/system_information.json
bcycle_bikelnk,station_information,https://gbfs.bcycle.com/bcycle_bikelnk/station_information.json
bcycle_bikelnk,station_status,https://gbfs.bcycle.com/bcycle_bikelnk/station_status.json
bcycle_bikelnk,system_pricing_plans,https://gbfs.bcycle.com/bcycle_bikelnk/system_pricing_plans.json
bcycle_bikelnk,system_regions,https://gbfs.bcycle.com/bcycle_bikelnk/system_regions.json
bikeshare_kona,Auto-Discovery,https://kona.publicbikesystem.net/ube/gbfs/v1/
bikeshare_kona,station_information,https://kona.publicbikesystem.net/ube/gbfs/v1/en/station_information
bikeshare_kona,station_status,https://kona.publicbikesystem.net/ube/gbfs/v1/en/station_status
bikeshare_kona,system regions,https://kona.publicbikesystem.net/ube/gbfs/v1/en/system_regions
bikeshare_kona,system_information,https://kona.publicbikesystem.net/ube/gbfs/v1/en/system_information
bikeshare_kona,nearby_stations,https://kona.publicbikesystem.net/ube/gbfs/v1/en/station_information/{station_id}/nearby_stations
bikeshare_kona,system_pricing_plans,https://kona.publicbikesystem.net/ube/gbfs/v1/en/system_pricing_plans
biketown_pdx,Auto-Discovery,http://biketownpdx.socialbicycles.com/opendata/gbfs.json
biketown_pdx,gbfs,http://biketownpdx.socialbicycles.com/opendata/gbfs.json
biketown_pdx,system_information,http://biketownpdx.socialbicycles.com/opendata/system_information.json
biketown_pdx,station_information,http://biketownpdx.socialbicycles.com/opendata/station_information.json
biketown_pdx,station_status,http://biketownpdx.socialbicycles.com/opendata/station_status.json
biketown_pdx,free_bike_status,http://biketownpdx.socialbicycles.com/opendata/free_bike_status.json
biketown_pdx,system_hours,http://biketownpdx.socialbicycles.com/opendata/system_hours.json
biketown_pdx,system_calendar,http://biketownpdx.socialbicycles.com/opendata/system_calendar.json
biketown_pdx,system_regions,http://biketownpdx.socialbicycles.com/opendata/system_regions.json
biketown_pdx,system_pricing_plans,http://biketownpdx.socialbicycles.com/opendata/system_pricing_plans.json
biketown_pdx,system_alerts,http://biketownpdx.socialbicycles.com/opendata/system_alerts.json
go_biki,Auto-Discovery,https://hon.publicbikesystem.net/ube/gbfs/v1/
go_biki,station_information,https://hon.publicbikesystem.net/ube/gbfs/v1/en/station_information
go_biki,station_status,https://hon.publicbikesystem.net/ube/gbfs/v1/en/station_status
go_biki,nearby_stations,https://hon.publicbikesystem.net/ube/gbfs/v1/en/station_information/{station_id}/nearby_stations
go_biki,system_pricing_plans,https://hon.publicbikesystem.net/ube/gbfs/v1/en/system_pricing_plans
go_biki,system regions,https://hon.publicbikesystem.net/ube/gbfs/v1/en/system_regions
go_biki,system_information,https://hon.publicbikesystem.net/ube/gbfs/v1/en/system_information
bird-chicago,Auto-Discovery,https://mds.bird.co/gbfs/chicago/gbfs.json
bird-chicago,system_information,https://mds.bird.co/gbfs/chicago/system_information.json
bird-chicago,station_information,https://mds.bird.co/gbfs/chicago/station_information.json
bird-chicago,free_bike_status,https://mds.bird.co/gbfs/chicago/free_bike_status.json
bird-chicago,geofencing_zone_information,https://mds.bird.co/gbfs/chicago/geofencing_zone_information.json
bird-chicago,geofencing_zone_status,https://mds.bird.co/gbfs/chicago/geofencing_zone_status.json
bird-chicago,system_regions,https://mds.bird.co/gbfs/chicago/system_regions.json
bird-louisville,Auto-Discovery,https://mds.bird.co/gbfs/louisville/gbfs.json
bird-louisville,system_information,https://mds.bird.co/gbfs/louisville/system_information.json
bird-louisville,station_information,https://mds.bird.co/gbfs/louisville/station_information.json
bird-louisville,free_bike_status,https://mds.bird.co/gbfs/louisville/free_bike_status.json
bird-louisville,geofencing_zone_information,https://mds.bird.co/gbfs/louisville/geofencing_zone_information.json
bird-louisville,geofencing_zone_status,https://mds.bird.co/gbfs/louisville/geofencing_zone_status.json
bird-louisville,system_regions,https://mds.bird.co/gbfs/louisville/system_regions.json
bishop_ranch,Auto-Discovery,http://britebikes.socialbicycles.com/opendata/gbfs.json
bishop_ranch,gbfs,http://britebikes.socialbicycles.com/opendata/gbfs.json
bishop_ranch,system_information,http://britebikes.socialbicycles.com/opendata/system_information.json
bishop_ranch,station_information,http://britebikes.socialbicycles.com/opendata/station_information.json
bishop_ranch,station_status,http://britebikes.socialbicycles.com/opendata/station_status.json
bishop_ranch,free_bike_status,http://britebikes.socialbicycles.com/opendata/free_bike_status.json
bishop_ranch,system_hours,http://britebikes.socialbicycles.com/opendata/system_hours.json
bishop_ranch,system_calendar,http://britebikes.socialbicycles.com/opendata/system_calendar.json
bishop_ranch,system_regions,http://britebikes.socialbicycles.com/opendata/system_regions.json
bishop_ranch,system_pricing_plans,http://britebikes.socialbicycles.com/opendata/system_pricing_plans.json
bishop_ranch,system_alerts,http://britebikes.socialbicycles.com/opendata/system_alerts.json
bolt_bal,Auto-Discovery,https://www.bolt.miami/bolt2/bal/gbfs/en/gbfs.json
bolt_chi,Auto-Discovery,https://www.bolt.miami/bolt2/chi/gbfs/gbfs.json
BOLT_LA,Auto-Discovery,https://www.bolt.miami/bolt2/la/gbfs/gbfs.json
BOLT_LOU,Auto-Discovery,https://www.bolt.miami/bolt2/lou/gbfs/gbfs.json
boise_greenbike,Auto-Discovery,http://boise.greenbike.com/opendata/gbfs.json
boise_greenbike,gbfs,http://boise.greenbike.com/opendata/gbfs.json
boise_greenbike,system_information,http://boise.greenbike.com/opendata/system_information.json
boise_greenbike,station_information,http://boise.greenbike.com/opendata/station_information.json
boise_greenbike,station_status,http://boise.greenbike.com/opendata/station_status.json
boise_greenbike,free_bike_status,http://boise.greenbike.com/opendata/free_bike_status.json
boise_greenbike,system_hours,http://boise.greenbike.com/opendata/system_hours.json
boise_greenbike,system_calendar,http://boise.greenbike.com/opendata/system_calendar.json
boise_greenbike,system_regions,http://boise.greenbike.com/opendata/system_regions.json
boise_greenbike,system_pricing_plans,http://boise.greenbike.com/opendata/system_pricing_plans.json
boise_greenbike,system_alerts,http://boise.greenbike.com/opendata/system_alerts.json
bcycle_boulder,Auto-Discovery,https://gbfs.bcycle.com/bcycle_boulder/gbfs.json
bcycle_boulder,gbfs,https://gbfs.bcycle.com/bcycle_boulder/gbfs.json
bcycle_boulder,system_information,https://gbfs.bcycle.com/bcycle_boulder/system_information.json
bcycle_boulder,station_information,https://gbfs.bcycle.com/bcycle_boulder/station_information.json
bcycle_boulder,station_status,https://gbfs.bcycle.com/bcycle_boulder/station_status.json
bcycle_boulder,system_pricing_plans,https://gbfs.bcycle.com/bcycle_boulder/system_pricing_plans.json
bcycle_boulder,system_regions,https://gbfs.bcycle.com/bcycle_boulder/system_regions.json
breeze_bikeshare,Auto-Discovery,http://santamonicabikeshare.com/opendata/gbfs.json
breeze_bikeshare,gbfs,http://santamonicabikeshare.com/opendata/gbfs.json
breeze_bikeshare,system_information,http://santamonicabikeshare.com/opendata/system_information.json
breeze_bikeshare,station_information,http://santamonicabikeshare.com/opendata/station_information.json
breeze_bikeshare,station_status,http://santamonicabikeshare.com/opendata/station_status.json
breeze_bikeshare,free_bike_status,http://santamonicabikeshare.com/opendata/free_bike_status.json
breeze_bikeshare,system_hours,http://santamonicabikeshare.com/opendata/system_hours.json
breeze_bikeshare,system_calendar,http://santamonicabikeshare.com/opendata/system_calendar.json
breeze_bikeshare,system_regions,http://santamonicabikeshare.com/opendata/system_regions.json
breeze_bikeshare,system_pricing_plans,http://santamonicabikeshare.com/opendata/system_pricing_plans.json
breeze_bikeshare,system_alerts,http://santamonicabikeshare.com/opendata/system_alerts.json
bcycle_broward,Auto-Discovery,https://gbfs.bcycle.com/bcycle_broward/gbfs.json
bcycle_broward,gbfs,https://gbfs.bcycle.com/bcycle_broward/gbfs.json
bcycle_broward,system_information,https://gbfs.bcycle.com/bcycle_broward/system_information.json
bcycle_broward,station_information,https://gbfs.bcycle.com/bcycle_broward/station_information.json
bcycle_broward,station_status,https://gbfs.bcycle.com/bcycle_broward/station_status.json
bcycle_broward,system_pricing_plans,https://gbfs.bcycle.com/bcycle_broward/system_pricing_plans.json
bcycle_broward,system_regions,https://gbfs.bcycle.com/bcycle_broward/system_regions.json
bcycle_bublr,Auto-Discovery,https://gbfs.bcycle.com/bcycle_bublr/gbfs.json
bcycle_bublr,gbfs,https://gbfs.bcycle.com/bcycle_bublr/gbfs.json
bcycle_bublr,system_information,https://gbfs.bcycle.com/bcycle_bublr/system_information.json
bcycle_bublr,station_information,https://gbfs.bcycle.com/bcycle_bublr/station_information.json
bcycle_bublr,station_status,https://gbfs.bcycle.com/bcycle_bublr/station_status.json
bcycle_bublr,system_pricing_plans,https://gbfs.bcycle.com/bcycle_bublr/system_pricing_plans.json
bcycle_bublr,system_regions,https://gbfs.bcycle.com/bcycle_bublr/system_regions.json
cabi,Auto-Discovery,https://gbfs.capitalbikeshare.com/gbfs/gbfs.json
cabi,system_calendar,https://gbfs.capitalbikeshare.com/gbfs/en/system_calendar.json
cabi,station_status,https://gbfs.capitalbikeshare.com/gbfs/en/station_status.json
cabi,system_alerts,https://gbfs.capitalbikeshare.com/gbfs/en/system_alerts.json
cabi,station_information,https://gbfs.capitalbikeshare.com/gbfs/en/station_information.json
cabi,system_regions,https://gbfs.capitalbikeshare.com/gbfs/en/system_regions.json
cabi,system_information,https://gbfs.capitalbikeshare.com/gbfs/en/system_information.json
bcycle_charlotte,Auto-Discovery,https://gbfs.bcycle.com/bcycle_charlotte/gbfs.json
bcycle_charlotte,gbfs,https://gbfs.bcycle.com/bcycle_charlotte/gbfs.json
bcycle_charlotte,system_information,https://gbfs.bcycle.com/bcycle_charlotte/system_information.json
bcycle_charlotte,station_information,https://gbfs.bcycle.com/bcycle_charlotte/station_information.json
bcycle_charlotte,station_status,https://gbfs.bcycle.com/bcycle_charlotte/station_status.json
bcycle_charlotte,system_pricing_plans,https://gbfs.bcycle.com/bcycle_charlotte/system_pricing_plans.json
bcycle_charlotte,system_regions,https://gbfs.bcycle.com/bcycle_charlotte/system_regions.json
bcycle_cincyredbike,Auto-Discovery,https://gbfs.bcycle.com/bcycle_cincyredbike/gbfs.json
bcycle_cincyredbike,gbfs,https://gbfs.bcycle.com/bcycle_cincyredbike/gbfs.json
bcycle_cincyredbike,system_information,https://gbfs.bcycle.com/bcycle_cincyredbike/system_information.json
bcycle_cincyredbike,station_information,https://gbfs.bcycle.com/bcycle_cincyredbike/station_information.json
bcycle_cincyredbike,station_status,https://gbfs.bcycle.com/bcycle_cincyredbike/station_status.json
bcycle_cincyredbike,system_pricing_plans,https://gbfs.bcycle.com/bcycle_cincyredbike/system_pricing_plans.json
bcycle_cincyredbike,system_regions,https://gbfs.bcycle.com/bcycle_cincyredbike/system_regions.json
NYC,Auto-Discovery,https://gbfs.citibikenyc.com/gbfs/gbfs.json
NYC,station_status,https://gbfs.citibikenyc.com/gbfs/en/station_status.json
NYC,system_information,https://gbfs.citibikenyc.com/gbfs/en/system_information.json
NYC,system_alerts,https://gbfs.citibikenyc.com/gbfs/en/system_alerts.json
NYC,station_information,https://gbfs.citibikenyc.com/gbfs/en/station_information.json
NYC,system_regions,https://gbfs.citibikenyc.com/gbfs/en/system_regions.json
bcycle_clarksville,Auto-Discovery,https://gbfs.bcycle.com/bcycle_clarksville/gbfs.json
bcycle_clarksville,gbfs,https://gbfs.bcycle.com/bcycle_clarksville/gbfs.json
bcycle_clarksville,system_information,https://gbfs.bcycle.com/bcycle_clarksville/system_information.json
bcycle_clarksville,station_information,https://gbfs.bcycle.com/bcycle_clarksville/station_information.json
bcycle_clarksville,station_status,https://gbfs.bcycle.com/bcycle_clarksville/station_status.json
bcycle_clarksville,system_pricing_plans,https://gbfs.bcycle.com/bcycle_clarksville/system_pricing_plans.json
bcycle_clarksville,system_regions,https://gbfs.bcycle.com/bcycle_clarksville/system_regions.json
bcycle_clemson,Auto-Discovery,https://gbfs.bcycle.com/bcycle_clemson/gbfs.json
bcycle_clemson,gbfs,https://gbfs.bcycle.com/bcycle_clemson/gbfs.json
bcycle_clemson,system_information,https://gbfs.bcycle.com/bcycle_clemson/system_information.json
bcycle_clemson,station_information,https://gbfs.bcycle.com/bcycle_clemson/station_information.json
bcycle_clemson,station_status,https://gbfs.bcycle.com/bcycle_clemson/station_status.json
bcycle_clemson,system_pricing_plans,https://gbfs.bcycle.com/bcycle_clemson/system_pricing_plans.json
bcycle_clemson,system_regions,https://gbfs.bcycle.com/bcycle_clemson/system_regions.json
coast_bike_share,Auto-Discovery,http://coast.socialbicycles.com/opendata/gbfs.json
coast_bike_share,gbfs,http://coast.socialbicycles.com/opendata/gbfs.json
coast_bike_share,system_information,http://coast.socialbicycles.com/opendata/system_information.json
coast_bike_share,station_information,http://coast.socialbicycles.com/opendata/station_information.json
coast_bike_share,station_status,http://coast.socialbicycles.com/opendata/station_status.json
coast_bike_share,free_bike_status,http://coast.socialbicycles.com/opendata/free_bike_status.json
coast_bike_share,system_hours,http://coast.socialbicycles.com/opendata/system_hours.json
coast_bike_share,system_calendar,http://coast.socialbicycles.com/opendata/system_calendar.json
coast_bike_share,system_regions,http://coast.socialbicycles.com/opendata/system_regions.json
coast_bike_share,system_pricing_plans,http://coast.socialbicycles.com/opendata/system_pricing_plans.json
coast_bike_share,system_alerts,http://coast.socialbicycles.com/opendata/system_alerts.json
cogo,Auto-Discovery,https://gbfs.cogobikeshare.com/gbfs/gbfs.json
cogo,system_regions,https://gbfs.cogobikeshare.com/gbfs/en/system_regions.json
cogo,station_status,https://gbfs.cogobikeshare.com/gbfs/en/station_status.json
cogo,system_alerts,https://gbfs.cogobikeshare.com/gbfs/en/system_alerts.json
cogo,station_information,https://gbfs.cogobikeshare.com/gbfs/en/station_information.json
cogo,system_information,https://gbfs.cogobikeshare.com/gbfs/en/system_information.json
bcycle_columbiacounty,Auto-Discovery,https://gbfs.bcycle.com/bcycle_columbiacounty/gbfs.json
bcycle_columbiacounty,gbfs,https://gbfs.bcycle.com/bcycle_columbiacounty/gbfs.json
bcycle_columbiacounty,system_information,https://gbfs.bcycle.com/bcycle_columbiacounty/system_information.json
bcycle_columbiacounty,station_information,https://gbfs.bcycle.com/bcycle_columbiacounty/station_information.json
bcycle_columbiacounty,station_status,https://gbfs.bcycle.com/bcycle_columbiacounty/station_status.json
bcycle_columbiacounty,system_pricing_plans,https://gbfs.bcycle.com/bcycle_columbiacounty/system_pricing_plans.json
bcycle_columbiacounty,system_regions,https://gbfs.bcycle.com/bcycle_columbiacounty/system_regions.json
bcycle_columbike,Auto-Discovery,https://gbfs.bcycle.com/bcycle_columbike/gbfs.json
bcycle_columbike,gbfs,https://gbfs.bcycle.com/bcycle_columbike/gbfs.json
bcycle_columbike,system_information,https://gbfs.bcycle.com/bcycle_columbike/system_information.json
bcycle_columbike,station_information,https://gbfs.bcycle.com/bcycle_columbike/station_information.json
bcycle_columbike,station_status,https://gbfs.bcycle.com/bcycle_columbike/station_status.json
bcycle_columbike,system_pricing_plans,https://gbfs.bcycle.com/bcycle_columbike/system_pricing_plans.json
bcycle_columbike,system_regions,https://gbfs.bcycle.com/bcycle_columbike/system_regions.json
bcycle_denver,Auto-Discovery,https://gbfs.bcycle.com/bcycle_denver/gbfs.json
bcycle_denver,gbfs,https://gbfs.bcycle.com/bcycle_denver/gbfs.json
bcycle_denver,system_information,https://gbfs.bcycle.com/bcycle_denver/system_information.json
bcycle_denver,station_information,https://gbfs.bcycle.com/bcycle_denver/station_information.json
bcycle_denver,station_status,https://gbfs.bcycle.com/bcycle_denver/station_status.json
bcycle_denver,system_pricing_plans,https://gbfs.bcycle.com/bcycle_denver/system_pricing_plans.json
bcycle_denver,system_regions,https://gbfs.bcycle.com/bcycle_denver/system_regions.json
bcycle_desmoines,Auto-Discovery,https://gbfs.bcycle.com/bcycle_desmoines/gbfs.json
bcycle_desmoines,gbfs,https://gbfs.bcycle.com/bcycle_desmoines/gbfs.json
bcycle_desmoines,system_information,https://gbfs.bcycle.com/bcycle_desmoines/system_information.json
bcycle_desmoines,station_information,https://gbfs.bcycle.com/bcycle_desmoines/station_information.json
bcycle_desmoines,station_status,https://gbfs.bcycle.com/bcycle_desmoines/station_status.json
bcycle_desmoines,system_pricing_plans,https://gbfs.bcycle.com/bcycle_desmoines/system_pricing_plans.json
bcycle_desmoines,system_regions,https://gbfs.bcycle.com/bcycle_desmoines/system_regions.json
divvy,Auto-Discovery,https://gbfs.divvybikes.com/gbfs/gbfs.json
divvy,system_information,https://gbfs.divvybikes.com/gbfs/en/system_information.json
divvy,station_information,https://gbfs.divvybikes.com/gbfs/en/station_information.json
divvy,system_alerts,https://gbfs.divvybikes.com/gbfs/en/system_alerts.json
divvy,station_status,https://gbfs.divvybikes.com/gbfs/en/station_status.json
divvy,system_regions,https://gbfs.divvybikes.com/gbfs/en/system_regions.json
bcycle_elpaso,Auto-Discovery,https://gbfs.bcycle.com/bcycle_elpaso/gbfs.json
bcycle_elpaso,gbfs,https://gbfs.bcycle.com/bcycle_elpaso/gbfs.json
bcycle_elpaso,system_information,https://gbfs.bcycle.com/bcycle_elpaso/system_information.json
bcycle_elpaso,station_information,https://gbfs.bcycle.com/bcycle_elpaso/station_information.json
bcycle_elpaso,station_status,https://gbfs.bcycle.com/bcycle_elpaso/station_status.json
bcycle_elpaso,system_pricing_plans,https://gbfs.bcycle.com/bcycle_elpaso/system_pricing_plans.json
bcycle_elpaso,system_regions,https://gbfs.bcycle.com/bcycle_elpaso/system_regions.json
bcycle_memphis,Auto-Discovery,https://gbfs.bcycle.com/bcycle_memphis/gbfs.json
bcycle_memphis,gbfs,https://gbfs.bcycle.com/bcycle_memphis/gbfs.json
bcycle_memphis,system_information,https://gbfs.bcycle.com/bcycle_memphis/system_information.json
bcycle_memphis,station_information,https://gbfs.bcycle.com/bcycle_memphis/station_information.json
bcycle_memphis,station_status,https://gbfs.bcycle.com/bcycle_memphis/station_status.json
bcycle_memphis,system_pricing_plans,https://gbfs.bcycle.com/bcycle_memphis/system_pricing_plans.json
bcycle_memphis,system_regions,https://gbfs.bcycle.com/bcycle_memphis/system_regions.json
bcycle_memphis,free_bike_status,https://gbfs.bcycle.com/bcycle_memphis/free_bike_status.json
bcycle_fortworth,Auto-Discovery,https://gbfs.bcycle.com/bcycle_fortworth/gbfs.json
bcycle_fortworth,gbfs,https://gbfs.bcycle.com/bcycle_fortworth/gbfs.json
bcycle_fortworth,system_information,https://gbfs.bcycle.com/bcycle_fortworth/system_information.json
bcycle_fortworth,station_information,https://gbfs.bcycle.com/bcycle_fortworth/station_information.json
bcycle_fortworth,station_status,https://gbfs.bcycle.com/bcycle_fortworth/station_status.json
bcycle_fortworth,system_pricing_plans,https://gbfs.bcycle.com/bcycle_fortworth/system_pricing_plans.json
bcycle_fortworth,system_regions,https://gbfs.bcycle.com/bcycle_fortworth/system_regions.json
bcycle_greatrides,Auto-Discovery,https://gbfs.bcycle.com/bcycle_greatrides/gbfs.json
bcycle_greatrides,gbfs,https://gbfs.bcycle.com/bcycle_greatrides/gbfs.json
bcycle_greatrides,system_information,https://gbfs.bcycle.com/bcycle_greatrides/system_information.json
bcycle_greatrides,station_information,https://gbfs.bcycle.com/bcycle_greatrides/station_information.json
bcycle_greatrides,station_status,https://gbfs.bcycle.com/bcycle_greatrides/station_status.json
bcycle_greatrides,system_pricing_plans,https://gbfs.bcycle.com/bcycle_greatrides/system_pricing_plans.json
bcycle_greatrides,system_regions,https://gbfs.bcycle.com/bcycle_greatrides/system_regions.json
bcycle_greenbikeslc,Auto-Discovery,https://gbfs.bcycle.com/bcycle_greenbikeslc/gbfs.json
bcycle_greenbikeslc,gbfs,https://gbfs.bcycle.com/bcycle_greenbikeslc/gbfs.json
bcycle_greenbikeslc,system_information,https://gbfs.bcycle.com/bcycle_greenbikeslc/system_information.json
bcycle_greenbikeslc,station_information,https://gbfs.bcycle.com/bcycle_greenbikeslc/station_information.json
bcycle_greenbikeslc,station_status,https://gbfs.bcycle.com/bcycle_greenbikeslc/station_status.json
bcycle_greenbikeslc,system_pricing_plans,https://gbfs.bcycle.com/bcycle_greenbikeslc/system_pricing_plans.json
bcycle_greenbikeslc,system_regions,https://gbfs.bcycle.com/bcycle_greenbikeslc/system_regions.json
bcycle_greenville,Auto-Discovery,https://gbfs.bcycle.com/bcycle_greenville/gbfs.json
bcycle_greenville,gbfs,https://gbfs.bcycle.com/bcycle_greenville/gbfs.json
bcycle_greenville,system_information,https://gbfs.bcycle.com/bcycle_greenville/system_information.json
bcycle_greenville,station_information,https://gbfs.bcycle.com/bcycle_greenville/station_information.json
bcycle_greenville,station_status,https://gbfs.bcycle.com/bcycle_greenville/station_status.json
bcycle_greenville,system_pricing_plans,https://gbfs.bcycle.com/bcycle_greenville/system_pricing_plans.json
bcycle_greenville,system_regions,https://gbfs.bcycle.com/bcycle_greenville/system_regions.json
grid_bike_share,Auto-Discovery,https://grid.socialbicycles.com/opendata/gbfs.json
grid_bike_share,gbfs,http://grid.socialbicycles.com/opendata/gbfs.json
grid_bike_share,system_information,http://grid.socialbicycles.com/opendata/system_information.json
grid_bike_share,station_information,http://grid.socialbicycles.com/opendata/station_information.json
grid_bike_share,station_status,http://grid.socialbicycles.com/opendata/station_status.json
grid_bike_share,free_bike_status,http://grid.socialbicycles.com/opendata/free_bike_status.json
grid_bike_share,system_hours,http://grid.socialbicycles.com/opendata/system_hours.json
grid_bike_share,system_calendar,http://grid.socialbicycles.com/opendata/system_calendar.json
grid_bike_share,system_regions,http://grid.socialbicycles.com/opendata/system_regions.json
grid_bike_share,system_pricing_plans,http://grid.socialbicycles.com/opendata/system_pricing_plans.json
grid_bike_share,system_alerts,http://grid.socialbicycles.com/opendata/system_alerts.json
nextbike_pp,Auto-Discovery,https://gbfs.nextbike.net/maps/gbfs/v1/nextbike_pp/gbfs.json
nextbike_pp,system_information,https://gbfs.nextbike.net/maps/gbfs/v1/nextbike_pp/en/system_information.json
nextbike_pp,station_information,https://gbfs.nextbike.net/maps/gbfs/v1/nextbike_pp/en/station_information.json
nextbike_pp,station_status,https://gbfs.nextbike.net/maps/gbfs/v1/nextbike_pp/en/station_status.json
nextbike_pp,free_bike_status,https://gbfs.nextbike.net/maps/gbfs/v1/nextbike_pp/en/free_bike_status.json
nextbike_pp,system_hours,https://gbfs.nextbike.net/maps/gbfs/v1/nextbike_pp/en/system_hours.json
nextbike_pp,system_regions,https://gbfs.nextbike.net/maps/gbfs/v1/nextbike_pp/en/system_regions.json
bcycle_heartland,Auto-Discovery,https://gbfs.bcycle.com/bcycle_heartland/gbfs.json
bcycle_heartland,gbfs,https://gbfs.bcycle.com/bcycle_heartland/gbfs.json
bcycle_heartland,system_information,https://gbfs.bcycle.com/bcycle_heartland/system_information.json
bcycle_heartland,station_information,https://gbfs.bcycle.com/bcycle_heartland/station_information.json
bcycle_heartland,station_status,https://gbfs.bcycle.com/bcycle_heartland/station_status.json
bcycle_heartland,system_pricing_plans,https://gbfs.bcycle.com/bcycle_heartland/system_pricing_plans.json
bcycle_heartland,system_regions,https://gbfs.bcycle.com/bcycle_heartland/system_regions.json
3,Auto-Discovery,https://gbfs.hopr.city/api/gbfs/3/
3,system_information,https://gbfs.hopr.city/api/gbfs/3/system_information
3,station_information,https://gbfs.hopr.city/api/gbfs/3/station_information
3,free_bike_status,https://gbfs.hopr.city/api/gbfs/3/free_bike_status
3,geofencing_zone_information,https://gbfs.hopr.city/api/gbfs/3/geofencing_zone_information
3,geofencing_zone_status,https://gbfs.hopr.city/api/gbfs/3/geofencing_zone_status
3,station_status,https://gbfs.hopr.city/api/gbfs/3/station_status
16,Auto-Discovery,https://gbfs.hopr.city/api/gbfs/16/
16,system_information,https://gbfs.hopr.city/api/gbfs/16/system_information
16,station_information,https://gbfs.hopr.city/api/gbfs/16/station_information
16,free_bike_status,https://gbfs.hopr.city/api/gbfs/16/free_bike_status
16,geofencing_zone_information,https://gbfs.hopr.city/api/gbfs/16/geofencing_zone_information
16,geofencing_zone_status,https://gbfs.hopr.city/api/gbfs/16/geofencing_zone_status
16,station_status,https://gbfs.hopr.city/api/gbfs/16/station_status
10,Auto-Discovery,https://gbfs.hopr.city/api/gbfs/10/
10,system_information,https://gbfs.hopr.city/api/gbfs/10/system_information
10,station_information,https://gbfs.hopr.city/api/gbfs/10/station_information
10,free_bike_status,https://gbfs.hopr.city/api/gbfs/10/free_bike_status
10,geofencing_zone_information,https://gbfs.hopr.city/api/gbfs/10/geofencing_zone_information
10,geofencing_zone_status,https://gbfs.hopr.city/api/gbfs/10/geofencing_zone_status
10,station_status,https://gbfs.hopr.city/api/gbfs/10/station_status
11,Auto-Discovery,https://gbfs.hopr.city/api/gbfs/11/
11,system_information,https://gbfs.hopr.city/api/gbfs/11/system_information
11,station_information,https://gbfs.hopr.city/api/gbfs/11/station_information
11,free_bike_status,https://gbfs.hopr.city/api/gbfs/11/free_bike_status
11,geofencing_zone_information,https://gbfs.hopr.city/api/gbfs/11/geofencing_zone_information
11,geofencing_zone_status,https://gbfs.hopr.city/api/gbfs/11/geofencing_zone_status
11,station_status,https://gbfs.hopr.city/api/gbfs/11/station_status
12,Auto-Discovery,https://gbfs.hopr.city/api/gbfs/12/
12,system_information,https://gbfs.hopr.city/api/gbfs/12/system_information
12,station_information,https://gbfs.hopr.city/api/gbfs/12/station_information
12,free_bike_status,https://gbfs.hopr.city/api/gbfs/12/free_bike_status
12,geofencing_zone_information,https://gbfs.hopr.city/api/gbfs/12/geofencing_zone_information
12,geofencing_zone_status,https://gbfs.hopr.city/api/gbfs/12/geofencing_zone_status
12,station_status,https://gbfs.hopr.city/api/gbfs/12/station_status
5,Auto-Discovery,https://gbfs.hopr.city/api/gbfs/5/
5,system_information,https://gbfs.hopr.city/api/gbfs/5/system_information
5,station_information,https://gbfs.hopr.city/api/gbfs/5/station_information
5,free_bike_status,https://gbfs.hopr.city/api/gbfs/5/free_bike_status
5,geofencing_zone_information,https://gbfs.hopr.city/api/gbfs/5/geofencing_zone_information
5,geofencing_zone_status,https://gbfs.hopr.city/api/gbfs/5/geofencing_zone_status
5,station_status,https://gbfs.hopr.city/api/gbfs/5/station_status
8,Auto-Discovery,https://gbfs.hopr.city/api/gbfs/8/
8,system_information,https://gbfs.hopr.city/api/gbfs/8/system_information
8,station_information,https://gbfs.hopr.city/api/gbfs/8/station_information
8,free_bike_status,https://gbfs.hopr.city/api/gbfs/8/free_bike_status
8,geofencing_zone_information,https://gbfs.hopr.city/api/gbfs/8/geofencing_zone_information
8,geofencing_zone_status,https://gbfs.hopr.city/api/gbfs/8/geofencing_zone_status
8,station_status,https://gbfs.hopr.city/api/gbfs/8/station_status
bcycle_houston,Auto-Discovery,https://gbfs.bcycle.com/bcycle_houston/gbfs.json
bcycle_houston,gbfs,https://gbfs.bcycle.com/bcycle_houston/gbfs.json
bcycle_houston,system_information,https://gbfs.bcycle.com/bcycle_houston/system_information.json
bcycle_houston,station_information,https://gbfs.bcycle.com/bcycle_houston/station_information.json
bcycle_houston,station_status,https://gbfs.bcycle.com/bcycle_houston/station_status.json
bcycle_houston,system_pricing_plans,https://gbfs.bcycle.com/bcycle_houston/system_pricing_plans.json
bcycle_houston,system_regions,https://gbfs.bcycle.com/bcycle_houston/system_regions.json
hubway,Auto-Discovery,https://gbfs.thehubway.com/gbfs/gbfs.json
hubway,system_alerts,https://gbfs.bluebikes.com/gbfs/en/system_alerts.json
hubway,system_information,https://gbfs.bluebikes.com/gbfs/en/system_information.json
hubway,station_information,https://gbfs.bluebikes.com/gbfs/en/station_information.json
hubway,system_regions,https://gbfs.bluebikes.com/gbfs/en/system_regions.json
hubway,station_status,https://gbfs.bluebikes.com/gbfs/en/station_status.json
bcycle_indego,Auto-Discovery,https://gbfs.bcycle.com/bcycle_indego/gbfs.json
bcycle_indego,gbfs,https://gbfs.bcycle.com/bcycle_indego/gbfs.json
bcycle_indego,system_information,https://gbfs.bcycle.com/bcycle_indego/system_information.json
bcycle_indego,station_information,https://gbfs.bcycle.com/bcycle_indego/station_information.json
bcycle_indego,station_status,https://gbfs.bcycle.com/bcycle_indego/station_status.json
bcycle_indego,system_pricing_plans,https://gbfs.bcycle.com/bcycle_indego/system_pricing_plans.json
bcycle_indego,system_regions,https://gbfs.bcycle.com/bcycle_indego/system_regions.json
bcycle_pacersbikeshare,Auto-Discovery,https://gbfs.bcycle.com/bcycle_pacersbikeshare/gbfs.json
bcycle_pacersbikeshare,gbfs,https://gbfs.bcycle.com/bcycle_pacersbikeshare/gbfs.json
bcycle_pacersbikeshare,system_information,https://gbfs.bcycle.com/bcycle_pacersbikeshare/system_information.json
bcycle_pacersbikeshare,station_information,https://gbfs.bcycle.com/bcycle_pacersbikeshare/station_information.json
bcycle_pacersbikeshare,station_status,https://gbfs.bcycle.com/bcycle_pacersbikeshare/station_status.json
bcycle_pacersbikeshare,system_pricing_plans,https://gbfs.bcycle.com/bcycle_pacersbikeshare/system_pricing_plans.json
bcycle_pacersbikeshare,system_regions,https://gbfs.bcycle.com/bcycle_pacersbikeshare/system_regions.json
bcycle_jacksoncounty,Auto-Discovery,https://gbfs.bcycle.com/bcycle_jacksoncounty/gbfs.json
bcycle_jacksoncounty,gbfs,https://gbfs.bcycle.com/bcycle_jacksoncounty/gbfs.json
bcycle_jacksoncounty,system_information,https://gbfs.bcycle.com/bcycle_jacksoncounty/system_information.json
bcycle_jacksoncounty,station_information,https://gbfs.bcycle.com/bcycle_jacksoncounty/station_information.json
bcycle_jacksoncounty,station_status,https://gbfs.bcycle.com/bcycle_jacksoncounty/station_status.json
bcycle_jacksoncounty,system_pricing_plans,https://gbfs.bcycle.com/bcycle_jacksoncounty/system_pricing_plans.json
bcycle_jacksoncounty,system_regions,https://gbfs.bcycle.com/bcycle_jacksoncounty/system_regions.json
nextbike_nj,Auto-Discovery,https://gbfs.nextbike.net/maps/gbfs/v1/nextbike_nj/gbfs.json
nextbike_nj,system_information,https://gbfs.nextbike.net/maps/gbfs/v1/nextbike_nj/en/system_information.json
nextbike_nj,station_information,https://gbfs.nextbike.net/maps/gbfs/v1/nextbike_nj/en/station_information.json
nextbike_nj,station_status,https://gbfs.nextbike.net/maps/gbfs/v1/nextbike_nj/en/station_status.json
nextbike_nj,free_bike_status,https://gbfs.nextbike.net/maps/gbfs/v1/nextbike_nj/en/free_bike_status.json
nextbike_nj,system_hours,https://gbfs.nextbike.net/maps/gbfs/v1/nextbike_nj/en/system_hours.json
nextbike_nj,system_regions,https://gbfs.nextbike.net/maps/gbfs/v1/nextbike_nj/en/system_regions.json
austin_bike_jump_system,Auto-Discovery,https://gbfs.uber.com/v1/atxb/gbfs.json
austin_bike_jump_system,gbfs,https://gbfs.uber.com/v1/atxb/gbfs.json
austin_bike_jump_system,system_information,https://gbfs.uber.com/v1/atxb/system_information.json
austin_bike_jump_system,station_information,https://gbfs.uber.com/v1/atxb/station_information.json
austin_bike_jump_system,station_status,https://gbfs.uber.com/v1/atxb/station_status.json
austin_bike_jump_system,free_bike_status,https://gbfs.uber.com/v1/atxb/free_bike_status.json
austin_bike_jump_system,system_hours,https://gbfs.uber.com/v1/atxb/system_hours.json
austin_bike_jump_system,system_calendar,https://gbfs.uber.com/v1/atxb/system_calendar.json
austin_bike_jump_system,system_regions,https://gbfs.uber.com/v1/atxb/system_regions.json
austin_bike_jump_system,system_pricing_plans,https://gbfs.uber.com/v1/atxb/system_pricing_plans.json
austin_bike_jump_system,system_alerts,https://gbfs.uber.com/v1/atxb/system_alerts.json
austin_scooter_jump_system,Auto-Discovery,https://gbfs.uber.com/v1/atxs/gbfs.json
austin_scooter_jump_system,gbfs,https://gbfs.uber.com/v1/atxs/gbfs.json
austin_scooter_jump_system,system_information,https://gbfs.uber.com/v1/atxs/system_information.json
austin_scooter_jump_system,station_information,https://gbfs.uber.com/v1/atxs/station_information.json
austin_scooter_jump_system,station_status,https://gbfs.uber.com/v1/atxs/station_status.json
austin_scooter_jump_system,free_bike_status,https://gbfs.uber.com/v1/atxs/free_bike_status.json
austin_scooter_jump_system,system_hours,https://gbfs.uber.com/v1/atxs/system_hours.json
austin_scooter_jump_system,system_calendar,https://gbfs.uber.com/v1/atxs/system_calendar.json
austin_scooter_jump_system,system_regions,https://gbfs.uber.com/v1/atxs/system_regions.json
austin_scooter_jump_system,system_pricing_plans,https://gbfs.uber.com/v1/atxs/system_pricing_plans.json
austin_scooter_jump_system,system_alerts,https://gbfs.uber.com/v1/atxs/system_alerts.json
jump_baltimore,Auto-Discovery,https://gbfs.uber.com/v1/balts/gbfs.json
jump_baltimore,gbfs,https://gbfs.uber.com/v1/balts/gbfs.json
jump_baltimore,system_information,https://gbfs.uber.com/v1/balts/system_information.json
jump_baltimore,station_information,https://gbfs.uber.com/v1/balts/station_information.json
jump_baltimore,station_status,https://gbfs.uber.com/v1/balts/station_status.json
jump_baltimore,free_bike_status,https://gbfs.uber.com/v1/balts/free_bike_status.json
jump_baltimore,system_hours,https://gbfs.uber.com/v1/balts/system_hours.json
jump_baltimore,system_calendar,https://gbfs.uber.com/v1/balts/system_calendar.json
jump_baltimore,system_regions,https://gbfs.uber.com/v1/balts/system_regions.json
jump_baltimore,system_pricing_plans,https://gbfs.uber.com/v1/balts/system_pricing_plans.json
jump_baltimore,system_alerts,https://gbfs.uber.com/v1/balts/system_alerts.json
washington_dc_bike_jump_system,Auto-Discovery,https://gbfs.uber.com/v1/dcb/gbfs.json
washington_dc_bike_jump_system,gbfs,https://gbfs.uber.com/v1/dcb/gbfs.json
washington_dc_bike_jump_system,system_information,https://gbfs.uber.com/v1/dcb/system_information.json
washington_dc_bike_jump_system,station_information,https://gbfs.uber.com/v1/dcb/station_information.json
washington_dc_bike_jump_system,station_status,https://gbfs.uber.com/v1/dcb/station_status.json
washington_dc_bike_jump_system,free_bike_status,https://gbfs.uber.com/v1/dcb/free_bike_status.json
washington_dc_bike_jump_system,system_hours,https://gbfs.uber.com/v1/dcb/system_hours.json
washington_dc_bike_jump_system,system_calendar,https://gbfs.uber.com/v1/dcb/system_calendar.json
washington_dc_bike_jump_system,system_regions,https://gbfs.uber.com/v1/dcb/system_regions.json
washington_dc_bike_jump_system,system_pricing_plans,https://gbfs.uber.com/v1/dcb/system_pricing_plans.json
washington_dc_bike_jump_system,system_alerts,https://gbfs.uber.com/v1/dcb/system_alerts.json
washington_dc_scooter_jump_system,Auto-Discovery,https://gbfs.uber.com/v1/dcs/gbfs.json
washington_dc_scooter_jump_system,gbfs,https://gbfs.uber.com/v1/dcs/gbfs.json
washington_dc_scooter_jump_system,system_information,https://gbfs.uber.com/v1/dcs/system_information.json
washington_dc_scooter_jump_system,station_information,https://gbfs.uber.com/v1/dcs/station_information.json
washington_dc_scooter_jump_system,station_status,https://gbfs.uber.com/v1/dcs/station_status.json
washington_dc_scooter_jump_system,free_bike_status,https://gbfs.uber.com/v1/dcs/free_bike_status.json
washington_dc_scooter_jump_system,system_hours,https://gbfs.uber.com/v1/dcs/system_hours.json
washington_dc_scooter_jump_system,system_calendar,https://gbfs.uber.com/v1/dcs/system_calendar.json
washington_dc_scooter_jump_system,system_regions,https://gbfs.uber.com/v1/dcs/system_regions.json
washington_dc_scooter_jump_system,system_pricing_plans,https://gbfs.uber.com/v1/dcs/system_pricing_plans.json
washington_dc_scooter_jump_system,system_alerts,https://gbfs.uber.com/v1/dcs/system_alerts.json
denver_bike_jump_system,Auto-Discovery,https://gbfs.uber.com/v1/denb/gbfs.json
denver_bike_jump_system,gbfs,https://gbfs.uber.com/v1/denb/gbfs.json
denver_bike_jump_system,system_information,https://gbfs.uber.com/v1/denb/system_information.json
denver_bike_jump_system,station_information,https://gbfs.uber.com/v1/denb/station_information.json
denver_bike_jump_system,station_status,https://gbfs.uber.com/v1/denb/station_status.json
denver_bike_jump_system,free_bike_status,https://gbfs.uber.com/v1/denb/free_bike_status.json
denver_bike_jump_system,system_hours,https://gbfs.uber.com/v1/denb/system_hours.json
denver_bike_jump_system,system_calendar,https://gbfs.uber.com/v1/denb/system_calendar.json
denver_bike_jump_system,system_regions,https://gbfs.uber.com/v1/denb/system_regions.json
denver_bike_jump_system,system_pricing_plans,https://gbfs.uber.com/v1/denb/system_pricing_plans.json
denver_bike_jump_system,system_alerts,https://gbfs.uber.com/v1/denb/system_alerts.json
los_angeles_bike_jump_system,Auto-Discovery,https://gbfs.uber.com/v1/laxb/gbfs.json
los_angeles_bike_jump_system,gbfs,https://gbfs.uber.com/v1/laxb/gbfs.json
los_angeles_bike_jump_system,system_information,https://gbfs.uber.com/v1/laxb/system_information.json
los_angeles_bike_jump_system,station_information,https://gbfs.uber.com/v1/laxb/station_information.json
los_angeles_bike_jump_system,station_status,https://gbfs.uber.com/v1/laxb/station_status.json
los_angeles_bike_jump_system,free_bike_status,https://gbfs.uber.com/v1/laxb/free_bike_status.json
los_angeles_bike_jump_system,system_hours,https://gbfs.uber.com/v1/laxb/system_hours.json
los_angeles_bike_jump_system,system_calendar,https://gbfs.uber.com/v1/laxb/system_calendar.json
los_angeles_bike_jump_system,system_regions,https://gbfs.uber.com/v1/laxb/system_regions.json
los_angeles_bike_jump_system,system_pricing_plans,https://gbfs.uber.com/v1/laxb/system_pricing_plans.json
los_angeles_bike_jump_system,system_alerts,https://gbfs.uber.com/v1/laxb/system_alerts.json
los_angeles_scooter_jump_system,Auto-Discovery,https://gbfs.uber.com/v1/laxs/gbfs.json
los_angeles_scooter_jump_system,gbfs,https://gbfs.uber.com/v1/laxs/gbfs.json
los_angeles_scooter_jump_system,system_information,https://gbfs.uber.com/v1/laxs/system_information.json
los_angeles_scooter_jump_system,station_information,https://gbfs.uber.com/v1/laxs/station_information.json
los_angeles_scooter_jump_system,station_status,https://gbfs.uber.com/v1/laxs/station_status.json
los_angeles_scooter_jump_system,free_bike_status,https://gbfs.uber.com/v1/laxs/free_bike_status.json
los_angeles_scooter_jump_system,system_hours,https://gbfs.uber.com/v1/laxs/system_hours.json
los_angeles_scooter_jump_system,system_calendar,https://gbfs.uber.com/v1/laxs/system_calendar.json
los_angeles_scooter_jump_system,system_regions,https://gbfs.uber.com/v1/laxs/system_regions.json
los_angeles_scooter_jump_system,system_pricing_plans,https://gbfs.uber.com/v1/laxs/system_pricing_plans.json
los_angeles_scooter_jump_system,system_alerts,https://gbfs.uber.com/v1/laxs/system_alerts.json
new_york_city_bike_jump_system,Auto-Discovery,https://gbfs.uber.com/v1/nycb/gbfs.json
new_york_city_bike_jump_system,gbfs,https://gbfs.uber.com/v1/nycb/gbfs.json
new_york_city_bike_jump_system,system_information,https://gbfs.uber.com/v1/nycb/system_information.json
new_york_city_bike_jump_system,station_information,https://gbfs.uber.com/v1/nycb/station_information.json
new_york_city_bike_jump_system,station_status,https://gbfs.uber.com/v1/nycb/station_status.json
new_york_city_bike_jump_system,free_bike_status,https://gbfs.uber.com/v1/nycb/free_bike_status.json
new_york_city_bike_jump_system,system_hours,https://gbfs.uber.com/v1/nycb/system_hours.json
new_york_city_bike_jump_system,system_calendar,https://gbfs.uber.com/v1/nycb/system_calendar.json
new_york_city_bike_jump_system,system_regions,https://gbfs.uber.com/v1/nycb/system_regions.json
new_york_city_bike_jump_system,system_pricing_plans,https://gbfs.uber.com/v1/nycb/system_pricing_plans.json
new_york_city_bike_jump_system,system_alerts,https://gbfs.uber.com/v1/nycb/system_alerts.json
sacramento_bike_jump_system,Auto-Discovery,https://gbfs.uber.com/v1/sacb/gbfs.json
sacramento_bike_jump_system,gbfs,https://gbfs.uber.com/v1/sacb/gbfs.json
sacramento_bike_jump_system,system_information,https://gbfs.uber.com/v1/sacb/system_information.json
sacramento_bike_jump_system,station_information,https://gbfs.uber.com/v1/sacb/station_information.json
sacramento_bike_jump_system,station_status,https://gbfs.uber.com/v1/sacb/station_status.json
sacramento_bike_jump_system,free_bike_status,https://gbfs.uber.com/v1/sacb/free_bike_status.json
sacramento_bike_jump_system,system_hours,https://gbfs.uber.com/v1/sacb/system_hours.json
sacramento_bike_jump_system,system_calendar,https://gbfs.uber.com/v1/sacb/system_calendar.json
sacramento_bike_jump_system,system_regions,https://gbfs.uber.com/v1/sacb/system_regions.json
sacramento_bike_jump_system,system_pricing_plans,https://gbfs.uber.com/v1/sacb/system_pricing_plans.json
sacramento_bike_jump_system,system_alerts,https://gbfs.uber.com/v1/sacb/system_alerts.json
sacramento_scooter_jump_system,Auto-Discovery,https://gbfs.uber.com/v1/sacs/gbfs.json
sacramento_scooter_jump_system,gbfs,https://gbfs.uber.com/v1/sacs/gbfs.json
sacramento_scooter_jump_system,system_information,https://gbfs.uber.com/v1/sacs/system_information.json
sacramento_scooter_jump_system,station_information,https://gbfs.uber.com/v1/sacs/station_information.json
sacramento_scooter_jump_system,station_status,https://gbfs.uber.com/v1/sacs/station_status.json
sacramento_scooter_jump_system,free_bike_status,https://gbfs.uber.com/v1/sacs/free_bike_status.json
sacramento_scooter_jump_system,system_hours,https://gbfs.uber.com/v1/sacs/system_hours.json
sacramento_scooter_jump_system,system_calendar,https://gbfs.uber.com/v1/sacs/system_calendar.json
sacramento_scooter_jump_system,system_regions,https://gbfs.uber.com/v1/sacs/system_regions.json
sacramento_scooter_jump_system,system_pricing_plans,https://gbfs.uber.com/v1/sacs/system_pricing_plans.json
sacramento_scooter_jump_system,system_alerts,https://gbfs.uber.com/v1/sacs/system_alerts.json
sd_bike_jump_system,Auto-Discovery,https://gbfs.uber.com/v1/sdb/gbfs.json
sd_bike_jump_system,gbfs,https://gbfs.uber.com/v1/sdb/gbfs.json
sd_bike_jump_system,system_information,https://gbfs.uber.com/v1/sdb/system_information.json
sd_bike_jump_system,station_information,https://gbfs.uber.com/v1/sdb/station_information.json
sd_bike_jump_system,station_status,https://gbfs.uber.com/v1/sdb/station_status.json
sd_bike_jump_system,free_bike_status,https://gbfs.uber.com/v1/sdb/free_bike_status.json
sd_bike_jump_system,system_hours,https://gbfs.uber.com/v1/sdb/system_hours.json
sd_bike_jump_system,system_calendar,https://gbfs.uber.com/v1/sdb/system_calendar.json
sd_bike_jump_system,system_regions,https://gbfs.uber.com/v1/sdb/system_regions.json
sd_bike_jump_system,system_pricing_plans,https://gbfs.uber.com/v1/sdb/system_pricing_plans.json
sd_bike_jump_system,system_alerts,https://gbfs.uber.com/v1/sdb/system_alerts.json
sd_scooter_jump_system,Auto-Discovery,https://gbfs.uber.com/v1/sds/gbfs.json
sd_scooter_jump_system,gbfs,https://gbfs.uber.com/v1/sds/gbfs.json
sd_scooter_jump_system,system_information,https://gbfs.uber.com/v1/sds/system_information.json
sd_scooter_jump_system,station_information,https://gbfs.uber.com/v1/sds/station_information.json
sd_scooter_jump_system,station_status,https://gbfs.uber.com/v1/sds/station_status.json
sd_scooter_jump_system,free_bike_status,https://gbfs.uber.com/v1/sds/free_bike_status.json
sd_scooter_jump_system,system_hours,https://gbfs.uber.com/v1/sds/system_hours.json
sd_scooter_jump_system,system_calendar,https://gbfs.uber.com/v1/sds/system_calendar.json
sd_scooter_jump_system,system_regions,https://gbfs.uber.com/v1/sds/system_regions.json
sd_scooter_jump_system,system_pricing_plans,https://gbfs.uber.com/v1/sds/system_pricing_plans.json
sd_scooter_jump_system,system_alerts,https://gbfs.uber.com/v1/sds/system_alerts.json
santa_cruz_bike_jump_system,Auto-Discovery,https://gbfs.uber.com/v1/scb/gbfs.json
santa_cruz_bike_jump_system,gbfs,https://gbfs.uber.com/v1/scb/gbfs.json
santa_cruz_bike_jump_system,system_information,https://gbfs.uber.com/v1/scb/system_information.json
santa_cruz_bike_jump_system,station_information,https://gbfs.uber.com/v1/scb/station_information.json
santa_cruz_bike_jump_system,station_status,https://gbfs.uber.com/v1/scb/station_status.json
santa_cruz_bike_jump_system,free_bike_status,https://gbfs.uber.com/v1/scb/free_bike_status.json
santa_cruz_bike_jump_system,system_hours,https://gbfs.uber.com/v1/scb/system_hours.json
santa_cruz_bike_jump_system,system_calendar,https://gbfs.uber.com/v1/scb/system_calendar.json
santa_cruz_bike_jump_system,system_regions,https://gbfs.uber.com/v1/scb/system_regions.json
santa_cruz_bike_jump_system,system_pricing_plans,https://gbfs.uber.com/v1/scb/system_pricing_plans.json
santa_cruz_bike_jump_system,system_alerts,https://gbfs.uber.com/v1/scb/system_alerts.json
seattle_bike_jump_system,Auto-Discovery,https://gbfs.uber.com/v1/seab/gbfs.json
seattle_bike_jump_system,gbfs,https://gbfs.uber.com/v1/seab/gbfs.json
seattle_bike_jump_system,system_information,https://gbfs.uber.com/v1/seab/system_information.json
seattle_bike_jump_system,station_information,https://gbfs.uber.com/v1/seab/station_information.json
seattle_bike_jump_system,station_status,https://gbfs.uber.com/v1/seab/station_status.json
seattle_bike_jump_system,free_bike_status,https://gbfs.uber.com/v1/seab/free_bike_status.json
seattle_bike_jump_system,system_hours,https://gbfs.uber.com/v1/seab/system_hours.json
seattle_bike_jump_system,system_calendar,https://gbfs.uber.com/v1/seab/system_calendar.json
seattle_bike_jump_system,system_regions,https://gbfs.uber.com/v1/seab/system_regions.json
seattle_bike_jump_system,system_pricing_plans,https://gbfs.uber.com/v1/seab/system_pricing_plans.json
seattle_bike_jump_system,system_alerts,https://gbfs.uber.com/v1/seab/system_alerts.json
san_francisco_bike_jump_system,Auto-Discovery,https://gbfs.uber.com/v1/sfb/gbfs.json
san_francisco_bike_jump_system,gbfs,https://gbfs.uber.com/v1/sfb/gbfs.json
san_francisco_bike_jump_system,system_information,https://gbfs.uber.com/v1/sfb/system_information.json
san_francisco_bike_jump_system,station_information,https://gbfs.uber.com/v1/sfb/station_information.json
san_francisco_bike_jump_system,station_status,https://gbfs.uber.com/v1/sfb/station_status.json
san_francisco_bike_jump_system,free_bike_status,https://gbfs.uber.com/v1/sfb/free_bike_status.json
san_francisco_bike_jump_system,system_hours,https://gbfs.uber.com/v1/sfb/system_hours.json
san_francisco_bike_jump_system,system_calendar,https://gbfs.uber.com/v1/sfb/system_calendar.json
san_francisco_bike_jump_system,system_regions,https://gbfs.uber.com/v1/sfb/system_regions.json
san_francisco_bike_jump_system,system_pricing_plans,https://gbfs.uber.com/v1/sfb/system_pricing_plans.json
san_francisco_bike_jump_system,system_alerts,https://gbfs.uber.com/v1/sfb/system_alerts.json
san_francisco_scooter_jump_system,Auto-Discovery,https://gbfs.uber.com/v1/sfs/gbfs.json
san_francisco_scooter_jump_system,gbfs,https://gbfs.uber.com/v1/sfs/gbfs.json
san_francisco_scooter_jump_system,system_information,https://gbfs.uber.com/v1/sfs/system_information.json
san_francisco_scooter_jump_system,station_information,https://gbfs.uber.com/v1/sfs/station_information.json
san_francisco_scooter_jump_system,station_status,https://gbfs.uber.com/v1/sfs/station_status.json
san_francisco_scooter_jump_system,free_bike_status,https://gbfs.uber.com/v1/sfs/free_bike_status.json
san_francisco_scooter_jump_system,system_hours,https://gbfs.uber.com/v1/sfs/system_hours.json
san_francisco_scooter_jump_system,system_calendar,https://gbfs.uber.com/v1/sfs/system_calendar.json
san_francisco_scooter_jump_system,system_regions,https://gbfs.uber.com/v1/sfs/system_regions.json
san_francisco_scooter_jump_system,system_pricing_plans,https://gbfs.uber.com/v1/sfs/system_pricing_plans.json
san_francisco_scooter_jump_system,system_alerts,https://gbfs.uber.com/v1/sfs/system_alerts.json
tampa_scooter_jump_system,Auto-Discovery,https://gbfs.uber.com/v1/tpas/gbfs.json
tampa_scooter_jump_system,gbfs,https://gbfs.uber.com/v1/tpas/gbfs.json
tampa_scooter_jump_system,system_information,https://gbfs.uber.com/v1/tpas/system_information.json
tampa_scooter_jump_system,station_information,https://gbfs.uber.com/v1/tpas/station_information.json
tampa_scooter_jump_system,station_status,https://gbfs.uber.com/v1/tpas/station_status.json
tampa_scooter_jump_system,free_bike_status,https://gbfs.uber.com/v1/tpas/free_bike_status.json
tampa_scooter_jump_system,system_hours,https://gbfs.uber.com/v1/tpas/system_hours.json
tampa_scooter_jump_system,system_calendar,https://gbfs.uber.com/v1/tpas/system_calendar.json
tampa_scooter_jump_system,system_regions,https://gbfs.uber.com/v1/tpas/system_regions.json
tampa_scooter_jump_system,system_pricing_plans,https://gbfs.uber.com/v1/tpas/system_pricing_plans.json
tampa_scooter_jump_system,system_alerts,https://gbfs.uber.com/v1/tpas/system_alerts.json
bcycle_kc,Auto-Discovery,https://gbfs.bcycle.com/bcycle_kc/gbfs.json
bcycle_kc,gbfs,https://gbfs.bcycle.com/bcycle_kc/gbfs.json
bcycle_kc,system_information,https://gbfs.bcycle.com/bcycle_kc/system_information.json
bcycle_kc,station_information,https://gbfs.bcycle.com/bcycle_kc/station_information.json
bcycle_kc,station_status,https://gbfs.bcycle.com/bcycle_kc/station_status.json
bcycle_kc,system_pricing_plans,https://gbfs.bcycle.com/bcycle_kc/system_pricing_plans.json
bcycle_kc,system_regions,https://gbfs.bcycle.com/bcycle_kc/system_regions.json
lime_arlington,Auto-Discovery,https://data.lime.bike/api/partners/v1/gbfs/arlington/gbfs.json
lime_arlington,system_information,https://data.lime.bike/api/partners/v1/gbfs/arlington/system_information
lime_arlington,station_information,https://data.lime.bike/api/partners/v1/gbfs/arlington/station_information
lime_arlington,station_status,https://data.lime.bike/api/partners/v1/gbfs/arlington/station_status
lime_arlington,free_bike_status,https://data.lime.bike/api/partners/v1/gbfs/arlington/free_bike_status
lime_baltimore,Auto-Discovery,https://data.lime.bike/api/partners/v1/gbfs/baltimore/gbfs.json
lime_baltimore,system_information,https://data.lime.bike/api/partners/v1/gbfs/baltimore/system_information
lime_baltimore,station_information,https://data.lime.bike/api/partners/v1/gbfs/baltimore/station_information
lime_baltimore,station_status,https://data.lime.bike/api/partners/v1/gbfs/baltimore/station_status
lime_baltimore,free_bike_status,https://data.lime.bike/api/partners/v1/gbfs/baltimore/free_bike_status
lime_chicago,Auto-Discovery,https://data.lime.bike/api/partners/v1/gbfs/chicago/gbfs.json
lime_chicago,system_information,https://data.lime.bike/api/partners/v1/gbfs/chicago/system_information
lime_chicago,station_information,https://data.lime.bike/api/partners/v1/gbfs/chicago/station_information
lime_chicago,station_status,https://data.lime.bike/api/partners/v1/gbfs/chicago/station_status
lime_chicago,free_bike_status,https://data.lime.bike/api/partners/v1/gbfs/chicago/free_bike_status
lime_detroit,Auto-Discovery,https://data.lime.bike/api/partners/v1/gbfs/detroit/gbfs.json
lime_detroit,system_information,https://data.lime.bike/api/partners/v1/gbfs/detroit/system_information
lime_detroit,station_information,https://data.lime.bike/api/partners/v1/gbfs/detroit/station_information
lime_detroit,station_status,https://data.lime.bike/api/partners/v1/gbfs/detroit/station_status
lime_detroit,free_bike_status,https://data.lime.bike/api/partners/v1/gbfs/detroit/free_bike_status
lime_los_angeles,Auto-Discovery,https://data.lime.bike/api/partners/v1/gbfs/los_angeles/gbfs.json
lime_los_angeles,system_information,https://data.lime.bike/api/partners/v1/gbfs/los_angeles/system_information
lime_los_angeles,station_information,https://data.lime.bike/api/partners/v1/gbfs/los_angeles/station_information
lime_los_angeles,station_status,https://data.lime.bike/api/partners/v1/gbfs/los_angeles/station_status
lime_los_angeles,free_bike_status,https://data.lime.bike/api/partners/v1/gbfs/los_angeles/free_bike_status
lime_louisville,Auto-Discovery,https://data.lime.bike/api/partners/v1/gbfs/louisville/gbfs.json
lime_louisville,system_information,https://data.lime.bike/api/partners/v1/gbfs/louisville/system_information
lime_louisville,station_information,https://data.lime.bike/api/partners/v1/gbfs/louisville/station_information
lime_louisville,station_status,https://data.lime.bike/api/partners/v1/gbfs/louisville/station_status
lime_louisville,free_bike_status,https://data.lime.bike/api/partners/v1/gbfs/louisville/free_bike_status
lime_new_york,Auto-Discovery,https://data.lime.bike/api/partners/v1/gbfs/new_york/gbfs.json
lime_new_york,system_information,https://data.lime.bike/api/partners/v1/gbfs/new_york/system_information
lime_new_york,station_information,https://data.lime.bike/api/partners/v1/gbfs/new_york/station_information
lime_new_york,station_status,https://data.lime.bike/api/partners/v1/gbfs/new_york/station_status
lime_new_york,free_bike_status,https://data.lime.bike/api/partners/v1/gbfs/new_york/free_bike_status
lime_washington_dc,Auto-Discovery,https://data.lime.bike/api/partners/v1/gbfs/washington_dc/gbfs.json
lime_washington_dc,system_information,https://data.lime.bike/api/partners/v1/gbfs/washington_dc/system_information
lime_washington_dc,station_information,https://data.lime.bike/api/partners/v1/gbfs/washington_dc/station_information
lime_washington_dc,station_status,https://data.lime.bike/api/partners/v1/gbfs/washington_dc/station_status
lime_washington_dc,free_bike_status,https://data.lime.bike/api/partners/v1/gbfs/washington_dc/free_bike_status
bcycle_linkdayton,Auto-Discovery,https://gbfs.bcycle.com/bcycle_linkdayton/gbfs.json
bcycle_linkdayton,gbfs,https://gbfs.bcycle.com/bcycle_linkdayton/gbfs.json
bcycle_linkdayton,system_information,https://gbfs.bcycle.com/bcycle_linkdayton/system_information.json
bcycle_linkdayton,station_information,https://gbfs.bcycle.com/bcycle_linkdayton/station_information.json
bcycle_linkdayton,station_status,https://gbfs.bcycle.com/bcycle_linkdayton/station_status.json
bcycle_linkdayton,system_pricing_plans,https://gbfs.bcycle.com/bcycle_linkdayton/system_pricing_plans.json
bcycle_linkdayton,system_regions,https://gbfs.bcycle.com/bcycle_linkdayton/system_regions.json
Louvelo,Auto-Discovery,https://lou.publicbikesystem.net/ube/gbfs/v1/
Louvelo,station_information,https://louisville-us.publicbikesystem.net/ube/gbfs/v1/en/station_information
Louvelo,station_status,https://louisville-us.publicbikesystem.net/ube/gbfs/v1/en/station_status
Louvelo,system regions,https://louisville-us.publicbikesystem.net/ube/gbfs/v1/en/system_regions
Louvelo,system_information,https://louisville-us.publicbikesystem.net/ube/gbfs/v1/en/system_information
Louvelo,nearby_stations,https://louisville-us.publicbikesystem.net/ube/gbfs/v1/en/station_information/{station_id}/nearby_stations
Louvelo,system_pricing_plans,https://louisville-us.publicbikesystem.net/ube/gbfs/v1/en/system_pricing_plans
lyft_dca,Auto-Discovery,https://s3.amazonaws.com/lyft-lastmile-production-iad/lbs/dca/gbfs.json
lyft_dca,gbfs,https://s3.amazonaws.com/lyft-lastmile-production-iad/lbs/dca/gbfs.json
lyft_dca,system_information,https://s3.amazonaws.com/lyft-lastmile-production-iad/lbs/dca/system_information.json
lyft_dca,station_information,https://s3.amazonaws.com/lyft-lastmile-production-iad/lbs/dca/station_information.json
lyft_dca,station_status,https://s3.amazonaws.com/lyft-lastmile-production-iad/lbs/dca/station_status.json
lyft_dca,free_bike_status,https://s3.amazonaws.com/lyft-lastmile-production-iad/lbs/dca/free_bike_status.json
lyft_dca,system_hours,https://s3.amazonaws.com/lyft-lastmile-production-iad/lbs/dca/system_hours.json
lyft_dca,system_calendar,https://s3.amazonaws.com/lyft-lastmile-production-iad/lbs/dca/system_calendar.json
lyft_dca,system_regions,https://s3.amazonaws.com/lyft-lastmile-production-iad/lbs/dca/system_regions.json
lyft_dca,system_pricing_plans,https://s3.amazonaws.com/lyft-lastmile-production-iad/lbs/dca/system_pricing_plans.json
lyft_dca,system_alerts,https://s3.amazonaws.com/lyft-lastmile-production-iad/lbs/dca/system_alerts.json
lyft_chi,Auto-Discovery,https://s3.amazonaws.com/lyft-lastmile-production-iad/lbs/chi/gbfs.json
lyft_chi,gbfs,https://s3.amazonaws.com/lyft-lastmile-production-iad/lbs/chi/gbfs.json
lyft_chi,system_information,https://s3.amazonaws.com/lyft-lastmile-production-iad/lbs/chi/system_information.json
lyft_chi,station_information,https://s3.amazonaws.com/lyft-lastmile-production-iad/lbs/chi/station_information.json
lyft_chi,station_status,https://s3.amazonaws.com/lyft-lastmile-production-iad/lbs/chi/station_status.json
lyft_chi,free_bike_status,https://s3.amazonaws.com/lyft-lastmile-production-iad/lbs/chi/free_bike_status.json
lyft_chi,system_hours,https://s3.amazonaws.com/lyft-lastmile-production-iad/lbs/chi/system_hours.json
lyft_chi,system_calendar,https://s3.amazonaws.com/lyft-lastmile-production-iad/lbs/chi/system_calendar.json
lyft_chi,system_regions,https://s3.amazonaws.com/lyft-lastmile-production-iad/lbs/chi/system_regions.json
lyft_chi,system_pricing_plans,https://s3.amazonaws.com/lyft-lastmile-production-iad/lbs/chi/system_pricing_plans.json
lyft_chi,system_alerts,https://s3.amazonaws.com/lyft-lastmile-production-iad/lbs/chi/system_alerts.json
bcycle_madison,Auto-Discovery,https://gbfs.bcycle.com/bcycle_madison/gbfs.json
bcycle_madison,gbfs,https://gbfs.bcycle.com/bcycle_madison/gbfs.json
bcycle_madison,system_information,https://gbfs.bcycle.com/bcycle_madison/system_information.json
bcycle_madison,station_information,https://gbfs.bcycle.com/bcycle_madison/station_information.json
bcycle_madison,station_status,https://gbfs.bcycle.com/bcycle_madison/station_status.json
bcycle_madison,system_pricing_plans,https://gbfs.bcycle.com/bcycle_madison/system_pricing_plans.json
bcycle_madison,system_regions,https://gbfs.bcycle.com/bcycle_madison/system_regions.json
bcycle_mcallen,Auto-Discovery,https://gbfs.bcycle.com/bcycle_mcallen/gbfs.json
bcycle_mcallen,gbfs,https://gbfs.bcycle.com/bcycle_mcallen/gbfs.json
bcycle_mcallen,system_information,https://gbfs.bcycle.com/bcycle_mcallen/system_information.json
bcycle_mcallen,station_information,https://gbfs.bcycle.com/bcycle_mcallen/station_information.json
bcycle_mcallen,station_status,https://gbfs.bcycle.com/bcycle_mcallen/station_status.json
bcycle_mcallen,system_pricing_plans,https://gbfs.bcycle.com/bcycle_mcallen/system_pricing_plans.json
bcycle_mcallen,system_regions,https://gbfs.bcycle.com/bcycle_mcallen/system_regions.json
bcycle_lametro,Auto-Discovery,https://gbfs.bcycle.com/bcycle_lametro/gbfs.json
bcycle_lametro,gbfs,https://gbfs.bcycle.com/bcycle_lametro/gbfs.json
bcycle_lametro,system_information,https://gbfs.bcycle.com/bcycle_lametro/system_information.json
bcycle_lametro,station_information,https://gbfs.bcycle.com/bcycle_lametro/station_information.json
bcycle_lametro,station_status,https://gbfs.bcycle.com/bcycle_lametro/station_status.json
bcycle_lametro,system_pricing_plans,https://gbfs.bcycle.com/bcycle_lametro/system_pricing_plans.json
bcycle_lametro,system_regions,https://gbfs.bcycle.com/bcycle_lametro/system_regions.json
bcycle_lametro,free_bike_status,https://gbfs.bcycle.com/bcycle_lametro/free_bike_status.json
mogo,Auto-Discovery,https://det.publicbikesystem.net/ube/gbfs/v1/
mogo,station_information,https://detroit-us.publicbikesystem.net/ube/gbfs/v1/en/station_information
mogo,station_status,https://detroit-us.publicbikesystem.net/ube/gbfs/v1/en/station_status
mogo,system_pricing_plans,https://detroit-us.publicbikesystem.net/ube/gbfs/v1/en/system_pricing_plans
mogo,system regions,https://detroit-us.publicbikesystem.net/ube/gbfs/v1/en/system_regions
mogo,system_information,https://detroit-us.publicbikesystem.net/ube/gbfs/v1/en/system_information
mogo,nearby_stations,https://detroit-us.publicbikesystem.net/ube/gbfs/v1/en/station_information/{station_id}/nearby_stations
bcycle_nashville,Auto-Discovery,https://gbfs.bcycle.com/bcycle_nashville/gbfs.json
bcycle_nashville,gbfs,https://gbfs.bcycle.com/bcycle_nashville/gbfs.json
bcycle_nashville,system_information,https://gbfs.bcycle.com/bcycle_nashville/system_information.json
bcycle_nashville,station_information,https://gbfs.bcycle.com/bcycle_nashville/station_information.json
bcycle_nashville,station_status,https://gbfs.bcycle.com/bcycle_nashville/station_status.json
bcycle_nashville,system_pricing_plans,https://gbfs.bcycle.com/bcycle_nashville/system_pricing_plans.json
bcycle_nashville,system_regions,https://gbfs.bcycle.com/bcycle_nashville/system_regions.json
niceridemn,Auto-Discovery,https://gbfs.niceridemn.com/gbfs/gbfs.json
niceridemn,station_information,https://gbfs.niceridemn.com/gbfs/en/station_information.json
niceridemn,station_status,https://gbfs.niceridemn.com/gbfs/en/station_status.json
niceridemn,system_regions,https://gbfs.niceridemn.com/gbfs/en/system_regions.json
niceridemn,system_information,https://gbfs.niceridemn.com/gbfs/en/system_information.json
niceridemn,system_calendar,https://gbfs.niceridemn.com/gbfs/en/system_calendar.json
niceridemn,system_alerts,https://gbfs.niceridemn.com/gbfs/en/system_alerts.json
bcycle_spokies,Auto-Discovery,https://gbfs.bcycle.com/bcycle_spokies/gbfs.json
bcycle_spokies,gbfs,https://gbfs.bcycle.com/bcycle_spokies/gbfs.json
bcycle_spokies,system_information,https://gbfs.bcycle.com/bcycle_spokies/system_information.json
bcycle_spokies,station_information,https://gbfs.bcycle.com/bcycle_spokies/station_information.json
bcycle_spokies,station_status,https://gbfs.bcycle.com/bcycle_spokies/station_status.json
bcycle_spokies,system_pricing_plans,https://gbfs.bcycle.com/bcycle_spokies/system_pricing_plans.json
bcycle_spokies,system_regions,https://gbfs.bcycle.com/bcycle_spokies/system_regions.json
bcycle_spokies,free_bike_status,https://gbfs.bcycle.com/bcycle_spokies/free_bike_status.json
bcycle_rapidcity,Auto-Discovery,https://gbfs.bcycle.com/bcycle_rapidcity/gbfs.json
bcycle_rapidcity,gbfs,https://gbfs.bcycle.com/bcycle_rapidcity/gbfs.json
bcycle_rapidcity,system_information,https://gbfs.bcycle.com/bcycle_rapidcity/system_information.json
bcycle_rapidcity,station_information,https://gbfs.bcycle.com/bcycle_rapidcity/station_information.json
bcycle_rapidcity,station_status,https://gbfs.bcycle.com/bcycle_rapidcity/station_status.json
bcycle_rapidcity,system_pricing_plans,https://gbfs.bcycle.com/bcycle_rapidcity/system_pricing_plans.json
bcycle_rapidcity,system_regions,https://gbfs.bcycle.com/bcycle_rapidcity/system_regions.json
reddy_bikeshare,Auto-Discovery,https://reddybikeshare.socialbicycles.com/opendata/gbfs.json
reddy_bikeshare,gbfs,http://reddybikeshare.socialbicycles.com/opendata/gbfs.json
reddy_bikeshare,system_information,http://reddybikeshare.socialbicycles.com/opendata/system_information.json
reddy_bikeshare,station_information,http://reddybikeshare.socialbicycles.com/opendata/station_information.json
reddy_bikeshare,station_status,http://reddybikeshare.socialbicycles.com/opendata/station_status.json
reddy_bikeshare,free_bike_status,http://reddybikeshare.socialbicycles.com/opendata/free_bike_status.json
reddy_bikeshare,system_hours,http://reddybikeshare.socialbicycles.com/opendata/system_hours.json
reddy_bikeshare,system_calendar,http://reddybikeshare.socialbicycles.com/opendata/system_calendar.json
reddy_bikeshare,system_regions,http://reddybikeshare.socialbicycles.com/opendata/system_regions.json
reddy_bikeshare,system_pricing_plans,http://reddybikeshare.socialbicycles.com/opendata/system_pricing_plans.json
reddy_bikeshare,system_alerts,http://reddybikeshare.socialbicycles.com/opendata/system_alerts.json
relay_bike_share,Auto-Discovery,https://relaybikeshare.socialbicycles.com/opendata/gbfs.json
relay_bike_share,gbfs,http://relaybikeshare.socialbicycles.com/opendata/gbfs.json
relay_bike_share,system_information,http://relaybikeshare.socialbicycles.com/opendata/system_information.json
relay_bike_share,station_information,http://relaybikeshare.socialbicycles.com/opendata/station_information.json
relay_bike_share,station_status,http://relaybikeshare.socialbicycles.com/opendata/station_status.json
relay_bike_share,free_bike_status,http://relaybikeshare.socialbicycles.com/opendata/free_bike_status.json
relay_bike_share,system_hours,http://relaybikeshare.socialbicycles.com/opendata/system_hours.json
relay_bike_share,system_calendar,http://relaybikeshare.socialbicycles.com/opendata/system_calendar.json
relay_bike_share,system_regions,http://relaybikeshare.socialbicycles.com/opendata/system_regions.json
relay_bike_share,system_pricing_plans,http://relaybikeshare.socialbicycles.com/opendata/system_pricing_plans.json
relay_bike_share,system_alerts,http://relaybikeshare.socialbicycles.com/opendata/system_alerts.json
bcycle_rtcbikeshare,Auto-Discovery,https://gbfs.bcycle.com/bcycle_rtcbikeshare/gbfs.json
bcycle_rtcbikeshare,gbfs,https://gbfs.bcycle.com/bcycle_rtcbikeshare/gbfs.json
bcycle_rtcbikeshare,system_information,https://gbfs.bcycle.com/bcycle_rtcbikeshare/system_information.json
bcycle_rtcbikeshare,station_information,https://gbfs.bcycle.com/bcycle_rtcbikeshare/station_information.json
bcycle_rtcbikeshare,station_status,https://gbfs.bcycle.com/bcycle_rtcbikeshare/station_status.json
bcycle_rtcbikeshare,system_pricing_plans,https://gbfs.bcycle.com/bcycle_rtcbikeshare/system_pricing_plans.json
bcycle_rtcbikeshare,system_regions,https://gbfs.bcycle.com/bcycle_rtcbikeshare/system_regions.json
bcycle_sanantonio,Auto-Discovery,https://gbfs.bcycle.com/bcycle_sanantonio/gbfs.json
bcycle_sanantonio,gbfs,https://gbfs.bcycle.com/bcycle_sanantonio/gbfs.json
bcycle_sanantonio,system_information,https://gbfs.bcycle.com/bcycle_sanantonio/system_information.json
bcycle_sanantonio,station_information,https://gbfs.bcycle.com/bcycle_sanantonio/station_information.json
bcycle_sanantonio,station_status,https://gbfs.bcycle.com/bcycle_sanantonio/station_status.json
bcycle_sanantonio,system_pricing_plans,https://gbfs.bcycle.com/bcycle_sanantonio/system_pricing_plans.json
bcycle_sanantonio,system_regions,https://gbfs.bcycle.com/bcycle_sanantonio/system_regions.json
bcycle_catbike,Auto-Discovery,https://gbfs.bcycle.com/bcycle_catbike/gbfs.json
bcycle_catbike,gbfs,https://gbfs.bcycle.com/bcycle_catbike/gbfs.json
bcycle_catbike,system_information,https://gbfs.bcycle.com/bcycle_catbike/system_information.json
bcycle_catbike,station_information,https://gbfs.bcycle.com/bcycle_catbike/station_information.json
bcycle_catbike,station_status,https://gbfs.bcycle.com/bcycle_catbike/station_status.json
bcycle_catbike,system_pricing_plans,https://gbfs.bcycle.com/bcycle_catbike/system_pricing_plans.json
bcycle_catbike,system_regions,https://gbfs.bcycle.com/bcycle_catbike/system_regions.json
bird-platform-partner-sherpa-chicago,Auto-Discovery,https://mds.bird.co/gbfs/platform-partner/sherpa/chicago/gbfs.json
bird-platform-partner-sherpa-chicago,system_information,https://mds.bird.co/gbfs/platform-partner/sherpa/chicago/system_information.json
bird-platform-partner-sherpa-chicago,station_information,https://mds.bird.co/gbfs/platform-partner/sherpa/chicago/station_information.json
bird-platform-partner-sherpa-chicago,free_bike_status,https://mds.bird.co/gbfs/platform-partner/sherpa/chicago/free_bike_status.json
bird-platform-partner-sherpa-chicago,geofencing_zone_information,https://mds.bird.co/gbfs/platform-partner/sherpa/chicago/geofencing_zone_information.json
bird-platform-partner-sherpa-chicago,geofencing_zone_status,https://mds.bird.co/gbfs/platform-partner/sherpa/chicago/geofencing_zone_status.json
bird-platform-partner-sherpa-chicago,system_regions,https://mds.bird.co/gbfs/platform-partner/sherpa/chicago/system_regions.json
nextbike_wb,Auto-Discovery,https://gbfs.nextbike.net/maps/gbfs/v1/nextbike_wb/gbfs.json
nextbike_wb,system_information,https://gbfs.nextbike.net/maps/gbfs/v1/nextbike_wb/en/system_information.json
nextbike_wb,station_information,https://gbfs.nextbike.net/maps/gbfs/v1/nextbike_wb/en/station_information.json
nextbike_wb,station_status,https://gbfs.nextbike.net/maps/gbfs/v1/nextbike_wb/en/station_status.json
nextbike_wb,free_bike_status,https://gbfs.nextbike.net/maps/gbfs/v1/nextbike_wb/en/free_bike_status.json
nextbike_wb,system_hours,https://gbfs.nextbike.net/maps/gbfs/v1/nextbike_wb/en/system_hours.json
nextbike_wb,system_regions,https://gbfs.nextbike.net/maps/gbfs/v1/nextbike_wb/en/system_regions.json
bcycle_spartanburg,Auto-Discovery,https://gbfs.bcycle.com/bcycle_spartanburg/gbfs.json
bcycle_spartanburg,gbfs,https://gbfs.bcycle.com/bcycle_spartanburg/gbfs.json
bcycle_spartanburg,system_information,https://gbfs.bcycle.com/bcycle_spartanburg/system_information.json
bcycle_spartanburg,station_information,https://gbfs.bcycle.com/bcycle_spartanburg/station_information.json
bcycle_spartanburg,station_status,https://gbfs.bcycle.com/bcycle_spartanburg/station_status.json
bcycle_spartanburg,system_pricing_plans,https://gbfs.bcycle.com/bcycle_spartanburg/system_pricing_plans.json
bcycle_spartanburg,system_regions,https://gbfs.bcycle.com/bcycle_spartanburg/system_regions.json
bcycle_spartanburg,free_bike_status,https://gbfs.bcycle.com/bcycle_spartanburg/free_bike_status.json
spin_chicago,Auto-Discovery,https://web.spin.pm/api/gbfs/v1/chicago/gbfs.json
spin_chicago,system_information,https://web.spin.pm/api/gbfs/v1/chicago/system_information
spin_chicago,free_bike_status,https://web.spin.pm/api/gbfs/v1/chicago/free_bike_status
spin_baltimore,Auto-Discovery,https://web.spin.pm/api/gbfs/v1/baltimore/gbfs.json
spin_baltimore,system_information,https://web.spin.pm/api/gbfs/v1/baltimore/system_information
spin_baltimore,free_bike_status,https://web.spin.pm/api/gbfs/v1/baltimore/free_bike_status
spin_detroit,Auto-Discovery,https://web.spin.pm/api/gbfs/v1/detroit/gbfs
spin_detroit,system_information,https://web.spin.pm/api/gbfs/v1/detroit/system_information
spin_detroit,free_bike_status,https://web.spin.pm/api/gbfs/v1/detroit/free_bike_status
spin_louisville,Auto-Discovery,https://web.spin.pm/api/gbfs/v1/louisville/gbfs
spin_louisville,system_information,https://web.spin.pm/api/gbfs/v1/louisville/system_information
spin_louisville,free_bike_status,https://web.spin.pm/api/gbfs/v1/louisville/free_bike_status
spin_washington_dc,Auto-Discovery,https://web.spin.pm/api/gbfs/v1/washington_dc/gbfs
spin_washington_dc,system_information,https://web.spin.pm/api/gbfs/v1/washington_dc/system_information
spin_washington_dc,free_bike_status,https://web.spin.pm/api/gbfs/v1/washington_dc/free_bike_status
bcycle_startbike,Auto-Discovery,https://gbfs.bcycle.com/bcycle_startbike/gbfs.json
bcycle_startbike,gbfs,https://gbfs.bcycle.com/bcycle_startbike/gbfs.json
bcycle_startbike,system_information,https://gbfs.bcycle.com/bcycle_startbike/system_information.json
bcycle_startbike,station_information,https://gbfs.bcycle.com/bcycle_startbike/station_information.json
bcycle_startbike,station_status,https://gbfs.bcycle.com/bcycle_startbike/station_status.json
bcycle_startbike,system_pricing_plans,https://gbfs.bcycle.com/bcycle_startbike/system_pricing_plans.json
bcycle_startbike,system_regions,https://gbfs.bcycle.com/bcycle_startbike/system_regions.json
bcycle_startbike,free_bike_status,https://gbfs.bcycle.com/bcycle_startbike/free_bike_status.json
topeka_metro_bikes,Auto-Discovery,http://topekametrobikes.org/opendata/gbfs.json
topeka_metro_bikes,gbfs,http://topekametrobikes.org/opendata/gbfs.json
topeka_metro_bikes,system_information,http://topekametrobikes.org/opendata/system_information.json
topeka_metro_bikes,station_information,http://topekametrobikes.org/opendata/station_information.json
topeka_metro_bikes,station_status,http://topekametrobikes.org/opendata/station_status.json
topeka_metro_bikes,free_bike_status,http://topekametrobikes.org/opendata/free_bike_status.json
topeka_metro_bikes,system_hours,http://topekametrobikes.org/opendata/system_hours.json
topeka_metro_bikes,system_calendar,http://topekametrobikes.org/opendata/system_calendar.json
topeka_metro_bikes,system_regions,http://topekametrobikes.org/opendata/system_regions.json
topeka_metro_bikes,system_pricing_plans,http://topekametrobikes.org/opendata/system_pricing_plans.json
topeka_metro_bikes,system_alerts,http://topekametrobikes.org/opendata/system_alerts.json
tugo,Auto-Discovery,https://tuc.publicbikesystem.net/ube/gbfs/v1/
tugo,station_information,https://tucson-us.publicbikesystem.net/ube/gbfs/v1/en/station_information
tugo,station_status,https://tucson-us.publicbikesystem.net/ube/gbfs/v1/en/station_status
tugo,system regions,https://tucson-us.publicbikesystem.net/ube/gbfs/v1/en/system_regions
tugo,system_information,https://tucson-us.publicbikesystem.net/ube/gbfs/v1/en/system_information
tugo,nearby_stations,https://tucson-us.publicbikesystem.net/ube/gbfs/v1/en/station_information/{station_id}/nearby_stations
tugo,system_pricing_plans,https://tucson-us.publicbikesystem.net/ube/gbfs/v1/en/system_pricing_plans
university_of_virginia,Auto-Discovery,http://ubike.virginia.edu/opendata/gbfs.json
university_of_virginia,gbfs,http://ubike.virginia.edu/opendata/gbfs.json
university_of_virginia,system_information,http://ubike.virginia.edu/opendata/system_information.json
university_of_virginia,station_information,http://ubike.virginia.edu/opendata/station_information.json
university_of_virginia,station_status,http://ubike.virginia.edu/opendata/station_status.json
university_of_virginia,free_bike_status,http://ubike.virginia.edu/opendata/free_bike_status.json
university_of_virginia,system_hours,http://ubike.virginia.edu/opendata/system_hours.json
university_of_virginia,system_calendar,http://ubike.virginia.edu/opendata/system_calendar.json
university_of_virginia,system_regions,http://ubike.virginia.edu/opendata/system_regions.json
university_of_virginia,system_pricing_plans,http://ubike.virginia.edu/opendata/system_pricing_plans.json
university_of_virginia,system_alerts,http://ubike.virginia.edu/opendata/system_alerts.json
we_cycle,Auto-Discovery,https://asp.publicbikesystem.net/ube/gbfs/v1/
we_cycle,station_information,https://aspen-us.publicbikesystem.net/ube/gbfs/v1/en/station_information
we_cycle,station_status,https://aspen-us.publicbikesystem.net/ube/gbfs/v1/en/station_status
we_cycle,system regions,https://aspen-us.publicbikesystem.net/ube/gbfs/v1/en/system_regions
we_cycle,system_information,https://aspen-us.publicbikesystem.net/ube/gbfs/v1/en/system_information
we_cycle,nearby_stations,https://aspen-us.publicbikesystem.net/ube/gbfs/v1/en/station_information/{station_id}/nearby_stations
we_cycle,system_pricing_plans,https://aspen-us.publicbikesystem.net/ube/gbfs/v1/en/system_pricing_plans
9f74fa80-fb2f-48dc-b2d8-01a889ac008a,Auto-Discovery,https://chicago-gbfs.getwheelsapp.com/gbfs.json
9f74fa80-fb2f-48dc-b2d8-01a889ac008a,free_bike_status,https://chicago-gbfs.getwheelsapp.com/free_bike_status.json
9f74fa80-fb2f-48dc-b2d8-01a889ac008a,system_information,https://chicago-gbfs.getwheelsapp.com/system_information.json
veoride-micro-mobility,Auto-Discovery,https://share.veoride.com/api/share/gbfs
veoride-micro-mobility,free_bike_status,https://share.veoride.com/api/share/gbfs/free_bike_status
veoride-micro-mobility,system_information,https://share.veoride.com/api/share/gbfs/system_information
